Cell line	TCGA classification	Tissue	Tissue sub-type	IC50	AUC
NCI-H209	SCLC	lung	lung_small_cell_carcinoma	0.121	0.33
RCC-MF	KIRC	kidney	kidney	0.372	0.427
RCC-JW	KIRC	kidney	kidney	0.647	0.505
RCC-JF	KIRC	kidney	kidney	0.757	0.529
NTERA-2-cl-D1	UNCLASSIFIED	urogenital_system	testis	0.94	0.565
NCI-H1876	SCLC	lung	lung_small_cell_carcinoma	0.997	0.574
TOV-21G	OV	urogenital_system	ovary	1	0.572
SK-PN-DW	UNCLASSIFIED	bone	ewings_sarcoma	1.18	0.599
A375	SKCM	skin	melanoma	1.36	0.633
NBsusSR	UNCLASSIFIED	nervous_system	neuroblastoma	1.42	0.636
MIA-PaCa-2	PAAD	pancreas	pancreas	1.49	0.63
SISO	CESC	urogenital_system	cervix	1.53	0.643
MZ2-MEL	SKCM	skin	melanoma	1.67	0.643
Daoy	MB	nervous_system	medulloblastoma	1.75	0.668
G-MEL	SKCM	skin	melanoma	1.75	0.661
MC-IXC	NB	nervous_system	neuroblastoma	1.76	0.685
SF268	GBM	nervous_system	glioma	1.76	0.656
PSN1	PAAD	pancreas	pancreas	1.76	0.675
HSC-4	HNSC	aero_digestive_tract	head_and_neck	1.78	0.642
NCI-H1417	SCLC	lung	lung_small_cell_carcinoma	1.83	0.722
ES4	UNCLASSIFIED	bone	ewings_sarcoma	1.88	0.66
MOG-G-UVW	LGG	nervous_system	glioma	1.91	0.676
PCI-6A	HNSC	aero_digestive_tract	head_and_neck	1.91	0.675
PA-1	UNCLASSIFIED	urogenital_system	ovary	1.92	0.696
GI-1	LGG	nervous_system	glioma	1.92	0.678
CGTH-W-1	THCA	thyroid	thyroid	2.02	0.682
GB-1	GBM	nervous_system	glioma	2.05	0.67
Set2	UNCLASSIFIED	-	-	2.08	0.789
GOTO	NB	nervous_system	neuroblastoma	2.09	0.676
639-V	BLCA	urogenital_system	bladder	2.21	0.711
CRO-AP2	DLBC	blood	B_cell_lymphoma	2.24	0.711
KYSE-140	ESCA	aero_digestive_tract	oesophagus	2.24	0.686
OV-56	OV	urogenital_system	ovary	2.25	0.701
EW-22	UNCLASSIFIED	bone	ewings_sarcoma	2.25	0.701
ME-180	CESC	urogenital_system	cervix	2.25	0.694
MHH-ES-1	UNCLASSIFIED	bone	ewings_sarcoma	2.29	0.701
ES7	UNCLASSIFIED	bone	ewings_sarcoma	2.4	0.704
OCI-AML2	LAML	blood	acute_myeloid_leukaemia	2.52	0.746
HCC-44	LUAD	lung	lung_NSCLC_adenocarcinoma	2.56	0.719
J-RT3-T3-5	UNCLASSIFIED	blood	lymphoblastic_T_cell_leukaemia	2.56	0.731
NU-DUL-1	DLBC	blood	B_cell_lymphoma	2.67	0.747
VA-ES-BJ	UNCLASSIFIED	soft_tissue	soft_tissue_other	2.7	0.718
ABC-1	LUAD	lung	lung_NSCLC_adenocarcinoma	2.72	0.705
HOS	UNCLASSIFIED	bone	osteosarcoma	2.78	0.748
BFTC-905	BLCA	urogenital_system	bladder	2.82	0.747
MOLT-4	ALL	blood	lymphoblastic_leukemia	2.82	0.829
ESS-1	UNCLASSIFIED	urogenital_system	endometrium	2.83	0.742
RCH-ACV	UNCLASSIFIED	blood	B_cell_leukemia	2.84	0.754
HOP-92	UNCLASSIFIED	lung	lung_NSCLC_large_cell	2.84	0.715
EW-3	UNCLASSIFIED	bone	ewings_sarcoma	2.94	0.721
EW-7	UNCLASSIFIED	bone	ewings_sarcoma	2.95	0.751
NEC8	UNCLASSIFIED	urogenital_system	testis	2.95	0.755
ONS-76	MB	nervous_system	medulloblastoma	2.95	0.728
JVM-3	CLL	blood	lymphoid_neoplasm_other	3.03	0.737
NB4	LAML	blood	acute_myeloid_leukaemia	3.03	0.764
ES5	UNCLASSIFIED	bone	ewings_sarcoma	3.1	0.727
BB65-RCC	KIRC	kidney	kidney	3.14	0.728
Ca-Ski	CESC	urogenital_system	cervix	3.17	0.733
SUP-M2	UNCLASSIFIED	blood	anaplastic_large_cell_lymphoma	3.22	0.784
BHT-101	THCA	thyroid	thyroid	3.28	0.747
A101D	SKCM	skin	melanoma	3.39	0.731
P30-OHK	ALL	blood	lymphoblastic_leukemia	3.43	0.78
NAMALWA	UNCLASSIFIED	blood	Burkitt_lymphoma	3.46	0.78
OCI-LY-19	DLBC	blood	B_cell_lymphoma	3.46	0.768
SBC-3	SCLC	lung	lung_small_cell_carcinoma	3.48	0.77
JHU-029	HNSC	aero_digestive_tract	head_and_neck	3.48	0.734
NKM-1	LAML	blood	acute_myeloid_leukaemia	3.49	0.755
PCI-4B	HNSC	aero_digestive_tract	head_and_neck	3.54	0.767
D-566MG	GBM	nervous_system	glioma	3.61	0.765
KYSE-510	ESCA	aero_digestive_tract	oesophagus	3.62	0.788
SK-NEP-1	UNCLASSIFIED	kidney	kidney	3.63	0.771
OVCAR-5	OV	urogenital_system	ovary	3.66	0.743
OS-RC-2	KIRC	kidney	kidney	3.72	0.725
SK-ES-1	UNCLASSIFIED	bone	ewings_sarcoma	3.73	0.76
697	UNCLASSIFIED	blood	lymphoblastic_leukemia	3.76	0.8
IHH-4	THCA	thyroid	thyroid	3.76	0.799
DOHH-2	DLBC	blood	B_cell_lymphoma	3.83	0.774
EW-11	UNCLASSIFIED	bone	ewings_sarcoma	3.84	0.74
MV-4-11	UNCLASSIFIED	blood	leukemia	3.88	0.8
BV-173	LCML	blood	chronic_myeloid_leukaemia	3.91	0.791
KYM-1	UNCLASSIFIED	soft_tissue	rhabdomyosarcoma	3.91	0.795
A2058	SKCM	skin	melanoma	3.93	0.789
K5	THCA	thyroid	thyroid	3.97	0.78
Hs-633T	UNCLASSIFIED	soft_tissue	fibrosarcoma	3.97	0.804
SF539	LGG	nervous_system	glioma	3.98	0.79
C-33-A	CESC	urogenital_system	cervix	3.98	0.775
RCC-FG2	KIRC	kidney	kidney	4	0.747
CS1	UNCLASSIFIED	bone	bone_other	4.08	0.764
JURL-MK1	LCML	blood	chronic_myeloid_leukaemia	4.12	0.78
NCI-H1105	SCLC	lung	lung_small_cell_carcinoma	4.12	0.808
KARPAS-231	UNCLASSIFIED	blood	B_cell_leukemia	4.18	0.822
CCRF-CEM	ALL	blood	lymphoblastic_leukemia	4.19	0.807
TASK1	UNCLASSIFIED	nervous_system	nervous_system_other	4.22	0.807
ES8	UNCLASSIFIED	bone	ewings_sarcoma	4.23	0.794
SK-MEL-30	SKCM	skin	melanoma	4.25	0.777
KURAMOCHI	UNCLASSIFIED	urogenital_system	ovary	4.26	0.765
MC-1010	UNCLASSIFIED	blood	acute_myeloid_leukaemia	4.27	0.826
JHH-6	LIHC	digestive_system	liver	4.28	0.782
NCI-H526	SCLC	lung	lung_small_cell_carcinoma	4.3	0.791
OVTOKO	OV	urogenital_system	ovary	4.41	0.758
JM1	DLBC	blood	B_cell_lymphoma	4.45	0.812
KARPAS-299	UNCLASSIFIED	blood	anaplastic_large_cell_lymphoma	4.49	0.819
NCI-H82	SCLC	lung	lung_small_cell_carcinoma	4.54	0.799
NCI-H2369	MESO	lung	mesothelioma	4.55	0.787
RPMI-7951	SKCM	skin	melanoma	4.56	0.796
MOLT-16	ALL	blood	lymphoblastic_T_cell_leukaemia	4.56	0.828
COR-L279	SCLC	lung	lung_small_cell_carcinoma	4.58	0.81
BICR22	HNSC	aero_digestive_tract	head_and_neck	4.58	0.775
5637	BLCA	urogenital_system	bladder	4.59	0.808
CHP-212	NB	nervous_system	neuroblastoma	4.6	0.805
SUP-B15	ALL	blood	lymphoblastic_leukemia	4.62	0.8
MDA-MB-436	BRCA	breast	breast	4.64	0.765
IOSE-364(-)	UNCLASSIFIED	urogenital_system	ovary	4.69	0.804
H4	LGG	nervous_system	glioma	4.71	0.798
D-283MED	MB	nervous_system	medulloblastoma	4.75	0.811
SNU-182	LIHC	digestive_system	liver	4.82	0.793
HOP-62	LUAD	lung	lung_NSCLC_adenocarcinoma	4.84	0.8
JHU-011	HNSC	aero_digestive_tract	head_and_neck	4.87	0.803
P32-ISH	UNCLASSIFIED	blood	Burkitt_lymphoma	4.91	0.851
A3-KAW	DLBC	blood	B_cell_lymphoma	4.93	0.839
A2780	UNCLASSIFIED	urogenital_system	ovary	4.94	0.797
HT-3	CESC	urogenital_system	cervix	4.95	0.8
G-402	UNCLASSIFIED	soft_tissue	soft_tissue_other	5	0.767
MOLM-13	LAML	blood	acute_myeloid_leukaemia	5.02	0.87
ES1	UNCLASSIFIED	bone	ewings_sarcoma	5.03	0.806
KE-37	ALL	blood	lymphoblastic_leukemia	5.04	0.851
SR	UNCLASSIFIED	blood	lymphoid_neoplasm_other	5.04	0.82
NCI-H1781	LUAD	lung	lung_NSCLC_adenocarcinoma	5.06	0.804
MFH-ino	UNCLASSIFIED	soft_tissue	soft_tissue_other	5.07	0.784
LAMA-84	LCML	blood	chronic_myeloid_leukaemia	5.13	0.804
SU-DHL-5	DLBC	blood	B_cell_lymphoma	5.15	0.857
CTV-1	LAML	blood	acute_myeloid_leukaemia	5.17	0.844
NB10	NB	nervous_system	neuroblastoma	5.18	0.811
IOSE-523(-)	UNCLASSIFIED	urogenital_system	ovary	5.31	0.824
NCI-H460	UNCLASSIFIED	lung	lung_NSCLC_large_cell	5.33	0.826
451Lu	SKCM	skin	melanoma	5.33	0.817
COR-L23	UNCLASSIFIED	lung	lung_NSCLC_large_cell	5.35	0.816
8-MG-BA	GBM	nervous_system	glioma	5.39	0.822
Mo-T	UNCLASSIFIED	blood	hairy_cell_leukaemia	5.42	0.809
IMR-5	NB	nervous_system	neuroblastoma	5.51	0.843
CAL-27	HNSC	aero_digestive_tract	head_and_neck	5.51	0.812
SKN-3	HNSC	aero_digestive_tract	head_and_neck	5.54	0.793
NCI-H23	LUAD	lung	lung_NSCLC_adenocarcinoma	5.63	0.819
NCI-H290	MESO	lung	mesothelioma	5.65	0.831
NCI-H1341	SCLC	lung	lung_small_cell_carcinoma	5.65	0.844
MOG-G-CCM	LGG	nervous_system	glioma	5.69	0.797
JHU-028	UNCLASSIFIED	aero_digestive_tract	head_and_neck	5.69	0.819
FTC-133	THCA	thyroid	thyroid	5.74	0.805
PFSK-1	MB	nervous_system	medulloblastoma	5.8	0.811
SAS	HNSC	aero_digestive_tract	head_and_neck	5.84	0.806
BB30-HNC	HNSC	aero_digestive_tract	head_and_neck	5.84	0.825
MHH-NB-11	NB	nervous_system	neuroblastoma	5.85	0.808
RPMI-8866	LCML	blood	chronic_myeloid_leukaemia	5.85	0.833
201T	LUAD	lung	lung_NSCLC_adenocarcinoma	5.89	0.792
NB5	NB	nervous_system	neuroblastoma	5.91	0.821
UM-UC-3	BLCA	urogenital_system	bladder	5.92	0.833
PC-14	LUAD	lung	lung_NSCLC_adenocarcinoma	5.95	0.842
SK-LMS-1	UNCLASSIFIED	soft_tissue	soft_tissue_other	6.07	0.834
C32	SKCM	skin	melanoma	6.07	0.816
BL-41	UNCLASSIFIED	blood	Burkitt_lymphoma	6.11	0.876
SK-MG-1	GBM	nervous_system	glioma	6.12	0.824
CAPAN-1	PAAD	pancreas	pancreas	6.14	0.811
KOPN-8	UNCLASSIFIED	blood	B_cell_leukemia	6.16	0.853
HAL-01	ALL	blood	lymphoblastic_leukemia	6.2	0.848
IOSE-397	UNCLASSIFIED	urogenital_system	ovary	6.24	0.822
MDA-MB-468	BRCA	breast	breast	6.25	0.835
CAL-33	HNSC	aero_digestive_tract	head_and_neck	6.34	0.83
OCI-AML5	LAML	blood	acute_myeloid_leukaemia	6.34	0.845
YKG-1	GBM	nervous_system	glioma	6.37	0.829
SUIT-2	PAAD	pancreas	pancreas	6.37	0.824
BICR78	HNSC	aero_digestive_tract	head_and_neck	6.37	0.811
SW1990	PAAD	pancreas	pancreas	6.41	0.809
IOSE-75-16SV40	UNCLASSIFIED	urogenital_system	ovary	6.43	0.829
PWR-1E	PRAD	urogenital_system	prostate	6.49	0.833
MPP-89	MESO	lung	mesothelioma	6.5	0.797
HUH-6-clone5	UNCLASSIFIED	digestive_system	liver	6.58	0.838
NCI-H1155	UNCLASSIFIED	lung	lung_NSCLC_large_cell	6.67	0.87
SW620	COREAD	digestive_system	large_intestine	6.68	0.857
HGC-27	STAD	digestive_system	stomach	6.72	0.865
BOKU	UNCLASSIFIED	urogenital_system	cervix	6.73	0.811
CHL-1	SKCM	skin	melanoma	6.78	0.847
MOLM-16	LAML	blood	acute_myeloid_leukaemia	6.78	0.909
NCI-H2110	UNCLASSIFIED	lung	lung_NSCLC_not_specified	6.8	0.834
HeLa	CESC	urogenital_system	cervix	6.85	0.846
JEG-3	UNCLASSIFIED	urogenital_system	urogenital_system_other	6.85	0.855
NCI-H2023	LUAD	lung	lung_NSCLC_adenocarcinoma	6.89	0.809
S-117	UNCLASSIFIED	thyroid	thyroid	6.94	0.799
RXF393	KIRC	kidney	kidney	7	0.796
HL-60	LAML	blood	acute_myeloid_leukaemia	7	0.859
OVK-18	OV	urogenital_system	ovary	7.02	0.825
SK-N-SH	NB	nervous_system	neuroblastoma	7.02	0.842
NCI-H524	SCLC	lung	lung_small_cell_carcinoma	7.02	0.86
HuP-T4	PAAD	pancreas	pancreas	7.06	0.833
SKG-IIIa	CESC	urogenital_system	cervix	7.08	0.802
NB69	NB	nervous_system	neuroblastoma	7.12	0.863
LB1047-RCC	KIRC	kidney	kidney	7.16	0.826
MES-SA	UNCLASSIFIED	urogenital_system	uterus	7.17	0.871
TC-YIK	UNCLASSIFIED	urogenital_system	cervix	7.22	0.869
HN	HNSC	aero_digestive_tract	head_and_neck	7.24	0.855
OC-314	OV	urogenital_system	ovary	7.32	0.872
RPMI-8402	ALL	blood	lymphoblastic_T_cell_leukaemia	7.33	0.877
NY	UNCLASSIFIED	bone	osteosarcoma	7.33	0.847
MCC26	UNCLASSIFIED	skin	Merkel_cell_carcinoma	7.34	0.811
CHP-126	NB	nervous_system	neuroblastoma	7.38	0.843
EW-1	UNCLASSIFIED	bone	ewings_sarcoma	7.4	0.861
L-540	UNCLASSIFIED	blood	Hodgkin_lymphoma	7.44	0.867
WM35	SKCM	skin	melanoma	7.46	0.846
CMK	LAML	blood	acute_myeloid_leukaemia	7.48	0.877
CML-T1	LCML	blood	chronic_myeloid_leukaemia	7.53	0.882
huH-1	LIHC	digestive_system	liver	7.57	0.818
IGR-37	SKCM	skin	melanoma	7.58	0.865
SW982	UNCLASSIFIED	soft_tissue	soft_tissue_other	7.61	0.845
ACHN	KIRC	kidney	kidney	7.67	0.831
KYSE-220	ESCA	aero_digestive_tract	oesophagus	7.71	0.842
NCI-H1581	UNCLASSIFIED	lung	lung_NSCLC_large_cell	7.75	0.866
NCI-H1734	LUAD	lung	lung_NSCLC_adenocarcinoma	7.75	0.838
MEL-HO	SKCM	skin	melanoma	7.75	0.85
DEL	UNCLASSIFIED	blood	lymphoid_neoplasm_other	7.8	0.897
OVCA432	UNCLASSIFIED	urogenital_system	ovary	7.82	0.844
AN3-CA	UCEC	urogenital_system	endometrium	7.82	0.839
RPMI-6666	UNCLASSIFIED	blood	Hodgkin_lymphoma	7.84	0.826
BxPC-3	PAAD	pancreas	pancreas	7.84	0.836
CADO-ES1	UNCLASSIFIED	bone	ewings_sarcoma	7.89	0.85
HT-1080	UNCLASSIFIED	soft_tissue	fibrosarcoma	7.89	0.872
LOUCY	ALL	blood	lymphoblastic_T_cell_leukaemia	7.9	0.891
NCI-H1651	LUAD	lung	lung_NSCLC_adenocarcinoma	7.91	0.841
BALL-1	UNCLASSIFIED	blood	B_cell_leukemia	7.91	0.923
QIMR-WIL	LAML	blood	acute_myeloid_leukaemia	7.93	0.859
HCC1419	BRCA	breast	breast	7.97	0.805
LN-18	GBM	nervous_system	glioma	8.13	0.896
A4-Fuk	DLBC	blood	B_cell_lymphoma	8.14	0.85
ASH-3	THCA	thyroid	thyroid	8.18	0.856
GR-ST	ALL	blood	lymphoblastic_leukemia	8.23	0.83
CAL-51	BRCA	breast	breast	8.23	0.883
A253	UNCLASSIFIED	aero_digestive_tract	head_and_neck	8.24	0.862
CAL-29	BLCA	urogenital_system	bladder	8.28	0.847
ES-2	UNCLASSIFIED	urogenital_system	ovary	8.29	0.881
HCC-827	LUAD	lung	lung_NSCLC_adenocarcinoma	8.32	0.838
G-292-Clone-A141B1	UNCLASSIFIED	bone	osteosarcoma	8.37	0.795
CRO-AP3	UNCLASSIFIED	blood	B_cell_lymphoma	8.42	0.934
TYK-nu	UNCLASSIFIED	urogenital_system	ovary	8.42	0.849
AU565	BRCA	breast	breast	8.48	0.844
Ca9-22	HNSC	aero_digestive_tract	head_and_neck	8.51	0.874
SW756	CESC	urogenital_system	cervix	8.53	0.835
TI-73	UNCLASSIFIED	bone	osteosarcoma	8.53	0.847
REH	UNCLASSIFIED	blood	B_cell_leukemia	8.72	0.87
SKN	UNCLASSIFIED	urogenital_system	uterus	8.73	0.835
SF126	GBM	nervous_system	glioma	8.74	0.855
P12-ICHIKAWA	ALL	blood	lymphoblastic_T_cell_leukaemia	8.75	0.914
G-401	UNCLASSIFIED	kidney	kidney	8.78	0.85
NB1	NB	nervous_system	neuroblastoma	8.78	0.849
EMC-BAC-2	LUAD	lung	lung_NSCLC_adenocarcinoma	8.83	0.839
MHH-CALL-2	UNCLASSIFIED	blood	B_cell_leukemia	8.87	0.93
NCI-H661	UNCLASSIFIED	lung	lung_NSCLC_large_cell	8.95	0.838
KU-19-19	BLCA	urogenital_system	bladder	8.97	0.866
SK-GT-2	STAD	digestive_system	stomach	9.02	0.858
MOLP-8	MM	blood	myeloma	9.06	0.915
H9	UNCLASSIFIED	blood	lymphoid_neoplasm_other	9.12	0.903
D-263MG	GBM	nervous_system	glioma	9.15	0.839
SLVL	DLBC	blood	B_cell_lymphoma	9.16	0.859
NALM-6	UNCLASSIFIED	blood	B_cell_leukemia	9.22	0.901
SK-MEL-2	SKCM	skin	melanoma	9.25	0.862
RH-1	UNCLASSIFIED	soft_tissue	rhabdomyosarcoma	9.25	0.901
WIL2-NS	UNCLASSIFIED	blood	lymphoid_neoplasm_other	9.29	0.907
DoTc2-4510	CESC	urogenital_system	cervix	9.29	0.878
MLMA	UNCLASSIFIED	blood	hairy_cell_leukaemia	9.3	0.868
HA7-RCC	KIRC	kidney	kidney	9.31	0.855
EW-16	UNCLASSIFIED	bone	ewings_sarcoma	9.33	0.863
RCC-ER	KIRC	kidney	kidney	9.43	0.853
PEO1	OV	urogenital_system	ovary	9.46	0.864
DMS-273	SCLC	lung	lung_small_cell_carcinoma	9.47	0.863
OAW-42	OV	urogenital_system	ovary	9.48	0.859
CAKI-1	KIRC	kidney	kidney	9.53	0.815
647-V	BLCA	urogenital_system	bladder	9.55	0.871
ATN-1	ALL	blood	lymphoblastic_T_cell_leukaemia	9.56	0.883
NMC-G1	LGG	nervous_system	glioma	9.61	0.842
OACp4C	ESCA	aero_digestive_tract	oesophagus	9.61	0.845
U251	GBM	nervous_system	glioma	9.64	0.881
HuO9	UNCLASSIFIED	bone	osteosarcoma	9.69	0.857
M059J	GBM	nervous_system	glioma	9.76	0.861
8505C	THCA	thyroid	thyroid	9.79	0.865
SK-MEL-5	SKCM	skin	melanoma	9.79	0.844
CHSA0108	UNCLASSIFIED	bone	chondrosarcoma	9.81	0.893
HCC70	BRCA	breast	breast	9.87	0.878
EVSA-T	BRCA	breast	breast	10	0.903
JHH-7	LIHC	digestive_system	liver	10	0.887
L-428	UNCLASSIFIED	blood	Hodgkin_lymphoma	10	0.898
TE-12	ESCA	aero_digestive_tract	oesophagus	10.1	0.848
NCI-H1048	SCLC	lung	lung_small_cell_carcinoma	10.1	0.895
HCC1395	BRCA	breast	breast	10.1	0.849
TE-8	ESCA	aero_digestive_tract	oesophagus	10.1	0.866
EGI-1	UNCLASSIFIED	digestive_system	biliary_tract	10.2	0.84
EoL-1-cell	UNCLASSIFIED	blood	haematopoietic_neoplasm_other	10.2	0.9
SAT	HNSC	aero_digestive_tract	head_and_neck	10.3	0.817
CTB-1	DLBC	blood	B_cell_lymphoma	10.3	0.834
TMK-1	STAD	digestive_system	stomach	10.3	0.869
NCI-H1694	SCLC	lung	lung_small_cell_carcinoma	10.3	0.879
GRANTA-519	DLBC	blood	B_cell_lymphoma	10.4	0.897
ALL-PO	ALL	blood	lymphoblastic_leukemia	10.5	0.871
U-2-OS	UNCLASSIFIED	bone	osteosarcoma	10.5	0.866
ALL-SIL	ALL	blood	T_cell_leukemia	10.5	0.907
KMH-2	THCA	thyroid	thyroid	10.5	0.9
SK-UT-1	UNCLASSIFIED	soft_tissue	soft_tissue_other	10.5	0.896
NOMO-1	LAML	blood	acute_myeloid_leukaemia	10.5	0.861
ESO26	ESCA	aero_digestive_tract	oesophagus	10.6	0.89
LU-135	SCLC	lung	lung_small_cell_carcinoma	10.6	0.915
OCI-M1	LAML	blood	acute_myeloid_leukaemia	10.6	0.936
NH-12	NB	nervous_system	neuroblastoma	10.7	0.864
ML-2	LAML	blood	acute_myeloid_leukaemia	10.7	0.902
SW48	COREAD	digestive_system	large_intestine	10.8	0.883
SUP-HD1	UNCLASSIFIED	blood	Hodgkin_lymphoma	10.8	0.891
SNU-5	STAD	digestive_system	stomach	10.8	0.88
LB647-SCLC	SCLC	lung	lung_small_cell_carcinoma	10.9	0.905
A549	LUAD	lung	lung_NSCLC_adenocarcinoma	10.9	0.865
NCI-H1792	LUAD	lung	lung_NSCLC_adenocarcinoma	11	0.902
HuTu-80	UNCLASSIFIED	digestive_system	digestive_system_other	11	0.919
NB14	NB	nervous_system	neuroblastoma	11	0.894
NCI-H2081	SCLC	lung	lung_small_cell_carcinoma	11.1	0.913
MKN45	STAD	digestive_system	stomach	11.1	0.851
SF295	GBM	nervous_system	glioma	11.1	0.873
OVCAR-8	OV	urogenital_system	ovary	11.1	0.904
ARH-77	MM	blood	myeloma	11.2	0.892
SK-N-AS	NB	nervous_system	neuroblastoma	11.2	0.863
MS751	CESC	urogenital_system	cervix	11.3	0.9
JHH-4	LIHC	digestive_system	liver	11.3	0.887
G-361	SKCM	skin	melanoma	11.3	0.894
NCI-H2122	LUAD	lung	lung_NSCLC_adenocarcinoma	11.3	0.897
WM1552C	SKCM	skin	melanoma	11.4	0.886
COLO-679	SKCM	skin	melanoma	11.4	0.87
FADU	HNSC	aero_digestive_tract	head_and_neck	11.4	0.893
HCC1187	BRCA	breast	breast	11.5	0.897
UACC-62	SKCM	skin	melanoma	11.6	0.889
TGW	NB	nervous_system	neuroblastoma	11.6	0.915
MCC13	UNCLASSIFIED	skin	Merkel_cell_carcinoma	11.6	0.909
SK-N-DZ	NB	nervous_system	neuroblastoma	11.7	0.891
no-11	LGG	nervous_system	glioma	11.8	0.857
LCLC-103H	UNCLASSIFIED	lung	lung_NSCLC_large_cell	11.9	0.908
SCH	UNCLASSIFIED	digestive_system	stomach	11.9	0.879
SW954	UNCLASSIFIED	urogenital_system	urogenital_system_other	11.9	0.889
KMS-11	MM	blood	myeloma	12	0.919
NCI-H841	SCLC	lung	lung_small_cell_carcinoma	12	0.89
SCaBER	UNCLASSIFIED	urogenital_system	bladder	12	0.871
D-247MG	GBM	nervous_system	glioma	12.1	0.846
LB2241-RCC	KIRC	kidney	kidney	12.1	0.875
DU-145	PRAD	urogenital_system	prostate	12.1	0.874
OMC-1	CESC	urogenital_system	cervix	12.1	0.885
YH-13	GBM	nervous_system	glioma	12.2	0.884
MDST8	COREAD	digestive_system	large_intestine	12.2	0.893
PCI-30	HNSC	aero_digestive_tract	head_and_neck	12.2	0.863
KMRC-20	KIRC	kidney	kidney	12.3	0.89
MM1S	MM	blood	myeloma	12.3	0.902
JVM-2	CLL	blood	lymphoid_neoplasm_other	12.3	0.863
DU-4475	BRCA	breast	breast	12.4	0.932
SIMA	NB	nervous_system	neuroblastoma	12.4	0.875
A388	UNCLASSIFIED	skin	skin_other	12.5	0.874
NCI-H513	MESO	lung	mesothelioma	12.5	0.864
CHSA8926	UNCLASSIFIED	bone	chondrosarcoma	12.5	0.844
MEL-JUSO	SKCM	skin	melanoma	12.5	0.878
LXF-289	LUAD	lung	lung_NSCLC_adenocarcinoma	12.6	0.898
OVISE	OV	urogenital_system	ovary	12.7	0.855
Hs-578-T	BRCA	breast	breast	12.7	0.885
SJRH30	UNCLASSIFIED	soft_tissue	rhabdomyosarcoma	12.7	0.89
SW780	BLCA	urogenital_system	bladder	12.7	0.883
SU8686	PAAD	pancreas	pancreas	12.8	0.878
RH-41	UNCLASSIFIED	soft_tissue	rhabdomyosarcoma	12.8	0.929
OCI-AML3	LAML	blood	acute_myeloid_leukaemia	12.9	0.924
ES6	UNCLASSIFIED	bone	ewings_sarcoma	12.9	0.866
COLO-800	SKCM	skin	melanoma	13	0.902
LB373-MEL-D	SKCM	skin	melanoma	13	0.9
NCI-H647	UNCLASSIFIED	lung	lung_NSCLC_not_specified	13.1	0.891
HEC-1	UCEC	urogenital_system	endometrium	13.1	0.904
WSU-NHL	UNCLASSIFIED	blood	lymphoid_neoplasm_other	13.1	0.921
WM793B	SKCM	skin	melanoma	13.2	0.883
AM-38	GBM	nervous_system	glioma	13.2	0.896
PANC-08-13	PAAD	pancreas	pancreas	13.2	0.864
KON	HNSC	aero_digestive_tract	head_and_neck	13.2	0.902
SW13	ACC	kidney	adrenal_gland	13.2	0.897
GMS-10	GBM	nervous_system	glioma	13.2	0.9
NCI-H3118	UNCLASSIFIED	aero_digestive_tract	head_and_neck	13.3	0.886
NCI-H1944	LUAD	lung	lung_NSCLC_adenocarcinoma	13.4	0.89
Mewo	SKCM	skin	melanoma	13.4	0.874
TOV-112D	OV	urogenital_system	ovary	13.4	0.899
C-4-I	CESC	urogenital_system	cervix	13.5	0.888
KELLY	NB	nervous_system	neuroblastoma	13.5	0.917
C2BBe1	COREAD	digestive_system	large_intestine	13.5	0.88
LC-1-sq	LUSC	lung	lung_NSCLC_squamous_cell_carcinoma	13.5	0.877
L-363	MM	blood	myeloma	13.7	0.927
AGS	STAD	digestive_system	stomach	13.7	0.92
JIMT-1	BRCA	breast	breast	13.7	0.89
DOV13	OV	urogenital_system	ovary	13.8	0.88
BE2-M17	NB	nervous_system	neuroblastoma	14	0.899
KP-3	UNCLASSIFIED	pancreas	pancreas	14	0.878
NCI-H929	MM	blood	myeloma	14	0.931
SU-DHL-6	DLBC	blood	B_cell_lymphoma	14.1	0.965
EC-GI-10	ESCA	aero_digestive_tract	oesophagus	14.1	0.905
MG-63	UNCLASSIFIED	bone	osteosarcoma	14.2	0.882
Hep3B2-1-7	LIHC	digestive_system	liver	14.2	0.905
RKN	UNCLASSIFIED	urogenital_system	ovary	14.2	0.896
COLO-320-HSR	COREAD	digestive_system	large_intestine	14.3	0.93
NCI-H2227	SCLC	lung	lung_small_cell_carcinoma	14.4	0.887
D-423MG	GBM	nervous_system	glioma	14.5	0.877
KNS-62	LUSC	lung	lung_NSCLC_squamous_cell_carcinoma	14.5	0.854
NB13	NB	nervous_system	neuroblastoma	14.6	0.927
SK-MEL-24	SKCM	skin	melanoma	14.6	0.878
PANC-03-27	PAAD	pancreas	pancreas	14.7	0.918
BICR10	HNSC	aero_digestive_tract	head_and_neck	14.7	0.885
RERF-LC-KJ	LUAD	lung	lung_NSCLC_adenocarcinoma	14.8	0.903
MDA-MB-361	BRCA	breast	breast	14.9	0.909
RPMI-8226	MM	blood	myeloma	14.9	0.932
NCI-H510A	SCLC	lung	lung_small_cell_carcinoma	14.9	0.923
Hey	OV	urogenital_system	ovary	15.1	0.918
EB2	UNCLASSIFIED	blood	Burkitt_lymphoma	15.1	0.926
HuH-7	LIHC	digestive_system	liver	15.1	0.909
RL95-2	UNCLASSIFIED	urogenital_system	endometrium	15.1	0.91
KU812	LCML	blood	chronic_myeloid_leukaemia	15.2	0.925
Hs-746T	STAD	digestive_system	stomach	15.2	0.868
KMOE-2	LAML	blood	acute_myeloid_leukaemia	15.2	0.929
LCLC-97TM1	UNCLASSIFIED	lung	lung_NSCLC_large_cell	15.3	0.896
NCI-H64	SCLC	lung	lung_small_cell_carcinoma	15.3	0.988
RT4	BLCA	urogenital_system	bladder	15.3	0.901
NCI-H2087	LUAD	lung	lung_NSCLC_adenocarcinoma	15.3	0.899
HCC2998	COREAD	digestive_system	large_intestine	15.4	0.914
SNU-C5	COREAD	digestive_system	large_intestine	15.4	0.895
NCI-H1437	LUAD	lung	lung_NSCLC_adenocarcinoma	15.5	0.904
HH	UNCLASSIFIED	blood	T_cell_leukemia	15.5	0.871
U-118-MG	GBM	nervous_system	glioma	15.6	0.89
WM-115	SKCM	skin	melanoma	15.7	0.882
KP-1N	PAAD	pancreas	pancreas	15.7	0.905
LB771-HNC	HNSC	aero_digestive_tract	head_and_neck	15.7	0.88
Becker	GBM	nervous_system	glioma	15.7	0.894
Hs-939-T	SKCM	skin	melanoma	15.8	0.898
HD-MY-Z	UNCLASSIFIED	blood	Hodgkin_lymphoma	15.9	0.912
LN-229	GBM	nervous_system	glioma	15.9	0.913
CAL-62	THCA	thyroid	thyroid	15.9	0.92
GI-ME-N	NB	nervous_system	neuroblastoma	16	0.869
JHU-022	HNSC	aero_digestive_tract	head_and_neck	16	0.879
STS-0421	UNCLASSIFIED	soft_tissue	soft_tissue_other	16.3	0.892
SiHa	CESC	urogenital_system	cervix	16.4	0.893
NCI-H838	LUAD	lung	lung_NSCLC_adenocarcinoma	16.4	0.909
K-562	LCML	blood	chronic_myeloid_leukaemia	16.4	0.92
Jurkat	ALL	blood	T_cell_leukemia	16.4	0.949
KARPAS-1106P	DLBC	blood	B_cell_lymphoma	16.4	0.948
IST-MEL1	SKCM	skin	melanoma	16.4	0.889
HCT-116	COREAD	digestive_system	large_intestine	16.5	0.923
NCI-H2286	UNCLASSIFIED	lung	lung_small_cell_carcinoma	16.5	0.911
SK-HEP-1	LIHC	digestive_system	liver	16.5	0.926
DMS-114	SCLC	lung	lung_small_cell_carcinoma	16.6	0.894
CAL-78	UNCLASSIFIED	bone	chondrosarcoma	16.6	0.894
EPLC-272H	LUSC	lung	lung_NSCLC_squamous_cell_carcinoma	16.6	0.897
HARA	LUSC	lung	lung_NSCLC_squamous_cell_carcinoma	16.6	0.893
MC-CAR	MM	blood	haematopoietic_neoplasm_other	16.6	0.934
OCI-LY7	DLBC	blood	B_cell_lymphoma	16.7	0.984
WM278	SKCM	skin	melanoma	16.8	0.898
D-392MG	GBM	nervous_system	glioma	16.9	0.873
KYSE-410	ESCA	aero_digestive_tract	oesophagus	17	0.907
CPC-N	SCLC	lung	lung_small_cell_carcinoma	17.1	0.905
MZ1-PC	PAAD	pancreas	pancreas	17.2	0.887
GA-10	UNCLASSIFIED	blood	Burkitt_lymphoma	17.2	0.947
SJSA-1	UNCLASSIFIED	bone	bone_other	17.4	0.901
NCI-H650	LUAD	lung	lung_NSCLC_adenocarcinoma	17.4	0.904
SU-DHL-16	DLBC	blood	B_cell_lymphoma	17.6	0.982
IA-LM	UNCLASSIFIED	lung	lung_NSCLC_large_cell	17.6	0.902
NCI-N87	STAD	digestive_system	stomach	17.8	0.868
TE-9	ESCA	aero_digestive_tract	oesophagus	17.9	0.914
KMS-12-BM	MM	blood	myeloma	17.9	0.953
DND-41	ALL	blood	T_cell_leukemia	18	0.941
K2	SKCM	skin	melanoma	18	0.884
DBTRG-05MG	GBM	nervous_system	glioma	18.1	0.898
SW1783	LGG	nervous_system	glioma	18.1	0.937
SCC90	HNSC	aero_digestive_tract	head_and_neck	18.1	0.872
IM-9	MM	blood	myeloma	18.2	0.946
SNU-387	LIHC	digestive_system	liver	18.2	0.903
EFO-27	UNCLASSIFIED	urogenital_system	ovary	18.3	0.891
Ramos-2G6-4C10	UNCLASSIFIED	blood	Burkitt_lymphoma	18.3	0.948
LU-134-A	SCLC	lung	lung_small_cell_carcinoma	18.3	0.913
MFE-296	UCEC	urogenital_system	endometrium	18.3	0.911
CESS	LAML	blood	acute_myeloid_leukaemia	18.5	0.948
JHOS-4	OV	urogenital_system	ovary	18.6	0.872
MDA-MB-231	BRCA	breast	breast	18.7	0.915
NCI-H2731	MESO	lung	mesothelioma	18.8	0.904
Hs-766T	PAAD	pancreas	pancreas	18.8	0.884
NCI-H2722	MESO	lung	mesothelioma	18.8	0.898
FLO-1	ESCA	aero_digestive_tract	oesophagus	18.9	0.873
SNU-407	COREAD	digestive_system	large_intestine	18.9	0.901
JSC-1	DLBC	blood	B_cell_lymphoma	18.9	0.926
EMC-BAC-1	LUAD	lung	lung_NSCLC_adenocarcinoma	19	0.905
KGN	UNCLASSIFIED	urogenital_system	ovary	19	0.897
U-698-M	UNCLASSIFIED	blood	B_cell_leukemia	19	0.924
Ishikawa(Heraklio)02ER-	UNCLASSIFIED	urogenital_system	uterus	19	0.93
DB	DLBC	blood	B_cell_lymphoma	19	0.907
HO-1-u-1	HNSC	aero_digestive_tract	head_and_neck	19.1	0.931
NCC010	KIRC	kidney	kidney	19.1	0.914
IPC-298	SKCM	skin	melanoma	19.3	0.928
HCT-15	COREAD	digestive_system	large_intestine	19.4	0.916
CCF-STTG1	GBM	nervous_system	glioma	19.6	0.924
SCC-4	HNSC	aero_digestive_tract	head_and_neck	19.7	0.902
TT2609-C02	THCA	thyroid	thyroid	19.8	0.917
NCI-H2795	MESO	lung	mesothelioma	20	0.929
HT-29	COREAD	digestive_system	large_intestine	20	0.953
NCI-H2405	LUAD	lung	lung_NSCLC_adenocarcinoma	20.2	0.913
TE-5	ESCA	aero_digestive_tract	oesophagus	20.3	0.908
TE-11	ESCA	aero_digestive_tract	oesophagus	20.4	0.943
OVCAR-4	OV	urogenital_system	ovary	20.5	0.874
HuP-T3	PAAD	pancreas	pancreas	20.6	0.901
OE33	ESCA	aero_digestive_tract	oesophagus	20.6	0.905
MSTO-211H	MESO	lung	mesothelioma	20.7	0.944
HCC1937	BRCA	breast	breast	20.7	0.909
IGROV-1	OV	urogenital_system	ovary	20.8	0.877
THP-1	LAML	blood	acute_myeloid_leukaemia	20.8	0.946
SK-GT-4	ESCA	aero_digestive_tract	oesophagus	21	0.9
COLO-741	UNCLASSIFIED	digestive_system	large_intestine	21	0.932
CAL-39	CESC	urogenital_system	cervix	21.2	0.926
CW-2	COREAD	digestive_system	large_intestine	21.2	0.919
LNZTA3WT4	GBM	nervous_system	glioma	21.2	0.934
RKO	COREAD	digestive_system	large_intestine	21.5	0.943
CAL-72	UNCLASSIFIED	bone	osteosarcoma	21.6	0.909
SBC-5	SCLC	lung	lung_small_cell_carcinoma	21.7	0.965
VAL	DLBC	blood	B_cell_lymphoma	21.8	0.932
EW-18	UNCLASSIFIED	bone	ewings_sarcoma	21.8	0.923
HSC-2	HNSC	aero_digestive_tract	head_and_neck	21.9	0.944
NCI-H1666	LUAD	lung	lung_NSCLC_adenocarcinoma	22	0.92
42-MG-BA	GBM	nervous_system	glioma	22	0.924
A498	KIRC	kidney	kidney	22.1	0.877
DMS-79	SCLC	lung	lung_small_cell_carcinoma	22.2	0.912
KCL-22	LCML	blood	chronic_myeloid_leukaemia	22.3	0.961
LS-513	COREAD	digestive_system	large_intestine	22.3	0.952
BE-13	ALL	blood	lymphoblastic_leukemia	22.3	0.944
RERF-LC-MS	LUAD	lung	lung_NSCLC_adenocarcinoma	22.4	0.93
KS-1	GBM	nervous_system	glioma	22.5	0.905
U-87-MG	GBM	nervous_system	glioma	22.6	0.912
MKN28	STAD	digestive_system	stomach	22.7	0.931
NCI-H1688	SCLC	lung	lung_small_cell_carcinoma	22.7	0.921
COR-L95	SCLC	lung	lung_small_cell_carcinoma	22.7	0.913
MONO-MAC-6	LAML	blood	acute_myeloid_leukaemia	22.7	0.927
Detroit562	HNSC	aero_digestive_tract	head_and_neck	22.7	0.941
MCF7	BRCA	breast	breast	22.9	0.929
NCI-H146	SCLC	lung	lung_small_cell_carcinoma	22.9	0.986
TE-4	ESCA	aero_digestive_tract	oesophagus	23.1	0.936
KY821	LAML	blood	leukemia	23.2	0.957
BC-1	DLBC	blood	B_cell_lymphoma	23.2	0.961
IGR-1	SKCM	skin	melanoma	23.4	0.956
KNS-42	LGG	nervous_system	glioma	23.5	0.912
HCC-78	LUAD	lung	lung_NSCLC_adenocarcinoma	23.5	0.914
VMRC-RCW	KIRC	kidney	kidney	23.8	0.948
T-T	ESCA	aero_digestive_tract	oesophagus	24	0.938
HSC-39	STAD	digestive_system	stomach	24	0.96
LoVo	COREAD	digestive_system	large_intestine	24	0.936
OACM5-1	ESCA	aero_digestive_tract	oesophagus	24.3	0.922
KYSE-450	ESCA	aero_digestive_tract	oesophagus	24.3	0.946
GCIY	STAD	digestive_system	stomach	24.4	0.922
A427	UNCLASSIFIED	lung	lung_NSCLC_not_specified	24.6	0.937
HuO-3N1	UNCLASSIFIED	bone	osteosarcoma	24.7	0.903
COLO-783	SKCM	skin	melanoma	24.9	0.944
ECC10	UNCLASSIFIED	digestive_system	stomach	25	0.934
MC116	DLBC	blood	B_cell_lymphoma	25	0.999
NCI-H1963	SCLC	lung	lung_small_cell_carcinoma	25.1	0.96
NCI-H1648	LUAD	lung	lung_NSCLC_adenocarcinoma	25.5	0.932
NCI-H211	SCLC	lung	lung_small_cell_carcinoma	25.5	0.945
KINGS-1	LGG	nervous_system	glioma	25.6	0.899
KM-H2	UNCLASSIFIED	blood	Hodgkin_lymphoma	25.7	0.966
Raji	UNCLASSIFIED	blood	Burkitt_lymphoma	25.7	0.951
22RV1	PRAD	urogenital_system	prostate	26.1	0.913
EW-24	UNCLASSIFIED	bone	ewings_sarcoma	26.3	0.96
CFPAC-1	PAAD	pancreas	pancreas	26.4	0.924
HCC2157	BRCA	breast	breast	26.5	0.935
TE-1	ESCA	aero_digestive_tract	oesophagus	26.8	0.912
DOK	HNSC	aero_digestive_tract	head_and_neck	26.8	0.89
NCI-H1563	LUAD	lung	lung_NSCLC_adenocarcinoma	26.9	0.921
AMO-1	MM	blood	haematopoietic_neoplasm_other	27	0.965
TK10	KIRC	kidney	kidney	27.1	0.919
TT	THCA	thyroid	thyroid	27.6	0.9
IST-SL2	SCLC	lung	lung_small_cell_carcinoma	27.6	0.946
TK	DLBC	blood	B_cell_lymphoma	27.6	0.957
TUR	DLBC	blood	B_cell_lymphoma	27.7	0.956
OV-7	OV	urogenital_system	ovary	27.8	0.891
KYSE-50	ESCA	aero_digestive_tract	oesophagus	27.8	0.957
LK-2	LUSC	lung	lung_NSCLC_squamous_cell_carcinoma	27.9	0.953
NCI-H520	LUSC	lung	lung_NSCLC_squamous_cell_carcinoma	28.1	0.941
UACC-893	BRCA	breast	breast	28.1	0.908
KYSE-520	ESCA	aero_digestive_tract	oesophagus	28.2	0.908
NCI-H187	SCLC	lung	lung_small_cell_carcinoma	28.2	0.934
EHEB	CLL	blood	lymphoid_neoplasm_other	28.3	0.923
HT-1376	BLCA	urogenital_system	bladder	28.3	0.924
OCUM-1	STAD	digestive_system	stomach	28.6	0.932
NB17	NB	nervous_system	neuroblastoma	28.6	0.928
LC4-1	ALL	blood	lymphoblastic_leukemia	28.6	0.933
RO82-W-1	THCA	thyroid	thyroid	28.8	0.914
D-336MG	LGG	nervous_system	glioma	28.9	0.914
KYSE-70	ESCA	aero_digestive_tract	oesophagus	29	0.935
NCI-H3122	LUAD	lung	lung_NSCLC_adenocarcinoma	29	0.943
EBC-1	LUSC	lung	lung_NSCLC_squamous_cell_carcinoma	29	0.931
Hs-683	LGG	nervous_system	glioma	29	0.945
MFM-223	BRCA	breast	breast	29.1	0.948
VMRC-LCD	LUAD	lung	lung_NSCLC_adenocarcinoma	29.2	0.972
EN	UCEC	urogenital_system	endometrium	29.2	0.917
MEC-1	UNCLASSIFIED	blood	B_cell_leukemia	29.3	0.942
KATOIII	STAD	digestive_system	stomach	29.3	0.959
JHH-2	LIHC	digestive_system	liver	29.4	0.938
SNG-M	UCEC	urogenital_system	endometrium	29.7	0.951
PA-TU-8902	PAAD	pancreas	pancreas	29.7	0.928
HT-115	COREAD	digestive_system	large_intestine	29.8	0.96
PF-382	ALL	blood	lymphoblastic_T_cell_leukaemia	29.9	0.967
BT-549	BRCA	breast	breast	30	0.906
TGBC1TKB	UNCLASSIFIED	digestive_system	biliary_tract	30	0.949
OVCA433	OV	urogenital_system	ovary	30	0.934
FU97	STAD	digestive_system	stomach	30	0.945
NB(TU)1-10	NB	nervous_system	neuroblastoma	30	0.968
LOU-NH91	LUSC	lung	lung_NSCLC_squamous_cell_carcinoma	30	0.937
BT-20	BRCA	breast	breast	30.5	0.922
DG-75	UNCLASSIFIED	blood	Burkitt_lymphoma	30.5	0.948
SCC-9	HNSC	aero_digestive_tract	head_and_neck	30.6	0.919
MDA-MB-175-VII	BRCA	breast	breast	30.6	0.936
NCI-H28	MESO	lung	mesothelioma	30.7	0.914
KASUMI-1	LAML	blood	acute_myeloid_leukaemia	30.9	0.949
DiFi	COREAD	digestive_system	large_intestine	30.9	0.944
T98G	GBM	nervous_system	glioma	31.3	0.961
PE-CA-PJ15	HNSC	aero_digestive_tract	head_and_neck	31.3	0.94
P31-FUJ	LAML	blood	acute_myeloid_leukaemia	31.3	0.988
DJM-1	UNCLASSIFIED	skin	skin_other	31.8	0.952
HMV-II	SKCM	skin	melanoma	31.8	0.926
MKN7	STAD	digestive_system	stomach	31.8	0.913
WSU-DLCL2	DLBC	blood	B_cell_lymphoma	31.9	0.976
NCI-H2342	LUAD	lung	lung_NSCLC_adenocarcinoma	32	0.938
OE19	ESCA	aero_digestive_tract	oesophagus	32.1	0.936
NCI-H2869	MESO	lung	mesothelioma	32.1	0.924
HCC202	BRCA	breast	breast	32.2	0.909
NCI-H358	LUAD	lung	lung_NSCLC_adenocarcinoma	32.3	0.939
NCI-H1975	LUAD	lung	lung_NSCLC_adenocarcinoma	32.4	0.935
D-542MG	GBM	nervous_system	glioma	32.4	0.926
SW1710	BLCA	urogenital_system	bladder	32.8	0.948
TE-15	ESCA	aero_digestive_tract	oesophagus	32.9	0.937
A431	UNCLASSIFIED	skin	skin_other	33.1	0.959
CP66-MEL	SKCM	skin	melanoma	33.6	0.937
Farage	DLBC	blood	B_cell_lymphoma	33.7	0.98
JEKO-1	DLBC	blood	B_cell_lymphoma	34.2	0.96
ETK-1	UNCLASSIFIED	digestive_system	biliary_tract	34.2	0.938
HT-1197	BLCA	urogenital_system	bladder	34.3	0.933
IST-SL1	SCLC	lung	lung_small_cell_carcinoma	34.4	0.951
ACN	UNCLASSIFIED	nervous_system	neuroblastoma	34.6	0.955
MEG-01	LCML	blood	chronic_myeloid_leukaemia	34.7	0.963
SU-DHL-4	DLBC	blood	B_cell_lymphoma	34.9	0.997
UWB1.289	OV	urogenital_system	ovary	35	0.904
DAN-G	PAAD	pancreas	pancreas	35	0.972
NCI-H1395	LUAD	lung	lung_NSCLC_adenocarcinoma	35.3	0.92
NCI-H226	LUSC	lung	lung_NSCLC_squamous_cell_carcinoma	35.4	0.949
SK-MEL-31	SKCM	skin	melanoma	35.4	0.926
OE21	ESCA	aero_digestive_tract	oesophagus	35.9	0.918
JJN-3	MM	blood	haematopoietic_neoplasm_other	36	0.981
RPMI-2650	HNSC	aero_digestive_tract	head_and_neck	36.1	0.947
COLO-668	SCLC	lung	lung_small_cell_carcinoma	36.4	0.956
U-CH1	UNCLASSIFIED	-	-	36.9	0.919
HuCCT1	UNCLASSIFIED	digestive_system	biliary_tract	37	0.944
KYAE-1	ESCA	aero_digestive_tract	oesophagus	37	0.945
SK-MES-1	LUSC	lung	lung_NSCLC_squamous_cell_carcinoma	37.2	0.947
ROS-50	UNCLASSIFIED	blood	B_cell_leukemia	37.3	0.949
CP50-MEL-B	SKCM	skin	melanoma	38	0.959
PANC-02-03	PAAD	pancreas	pancreas	38.1	0.936
Daudi	UNCLASSIFIED	blood	Burkitt_lymphoma	38.3	0.975
EW-13	UNCLASSIFIED	bone	ewings_sarcoma	38.4	0.946
MHH-PREB-1	UNCLASSIFIED	blood	B_cell_leukemia	38.4	0.972
TE-6	ESCA	aero_digestive_tract	oesophagus	38.6	0.94
RC-K8	DLBC	blood	B_cell_lymphoma	38.6	0.976
SW962	UNCLASSIFIED	urogenital_system	urogenital_system_other	38.7	0.933
NCI-H2009	LUAD	lung	lung_NSCLC_adenocarcinoma	38.8	0.952
SW1271	SCLC	lung	lung_small_cell_carcinoma	38.9	0.942
NCI-H810	UNCLASSIFIED	lung	lung_NSCLC_large_cell	38.9	0.964
NUGC-4	STAD	digestive_system	stomach	39.2	0.959
Saos-2	UNCLASSIFIED	bone	osteosarcoma	39.3	0.917
TGBC11TKB	STAD	digestive_system	stomach	39.7	0.975
HDLM-2	UNCLASSIFIED	blood	Hodgkin_lymphoma	39.9	0.962
HDQ-P1	BRCA	breast	breast	40.2	0.94
JHOS-3	OV	urogenital_system	ovary	41.1	0.932
COLO-680N	ESCA	aero_digestive_tract	oesophagus	42.6	0.943
SNU-16	STAD	digestive_system	stomach	42.9	0.976
SCC-25	HNSC	aero_digestive_tract	head_and_neck	42.9	0.949
SUP-T1	ALL	blood	lymphoblastic_T_cell_leukaemia	43	0.973
AsPC-1	PAAD	pancreas	pancreas	43.5	0.899
SNU-C2B	COREAD	digestive_system	large_intestine	43.7	0.932
JHOS-2	OV	urogenital_system	ovary	43.7	0.945
HC-1	UNCLASSIFIED	blood	hairy_cell_leukaemia	43.9	0.968
JiyoyeP-2003	UNCLASSIFIED	blood	Burkitt_lymphoma	44.3	0.978
SW626	OV	urogenital_system	ovary	44.9	0.945
OV-90	OV	urogenital_system	ovary	44.9	0.936
FU-OV-1	OV	urogenital_system	ovary	45.4	0.934
RF-48	STAD	digestive_system	stomach	45.8	0.952
no-10	LGG	nervous_system	glioma	46	0.941
KM12	COREAD	digestive_system	large_intestine	46.2	0.956
SW1573	LUAD	lung	lung_NSCLC_adenocarcinoma	46.4	0.932
NCI-H2595	MESO	lung	mesothelioma	46.4	0.927
UACC-257	SKCM	skin	melanoma	46.5	0.941
RVH-421	SKCM	skin	melanoma	46.8	0.93
NCI-H720	UNCLASSIFIED	lung	lung_NSCLC_carcinoid	46.9	0.975
NCI-H2141	SCLC	lung	lung_small_cell_carcinoma	46.9	0.968
DSH1	BLCA	urogenital_system	bladder	46.9	0.97
D-502MG	LGG	nervous_system	glioma	47.2	0.916
NCI-H1703	UNCLASSIFIED	lung	lung_NSCLC_adenocarcinoma	47.5	0.944
Calu-6	LUAD	lung	lung_NSCLC_adenocarcinoma	47.5	0.951
Caov-4	OV	urogenital_system	ovary	48	0.924
KARPAS-45	ALL	blood	lymphoblastic_leukemia	48.1	0.986
SNU-449	LIHC	digestive_system	liver	48.3	0.957
A704	KIRC	kidney	kidney	48.4	0.969
NCI-H2461	MESO	lung	mesothelioma	48.7	0.942
CAL-120	BRCA	breast	breast	48.9	0.939
LS-411N	COREAD	digestive_system	large_intestine	49.2	0.946
KMRC-1	KIRC	kidney	kidney	49.3	0.961
NCI-H1623	LUAD	lung	lung_NSCLC_adenocarcinoma	49.4	0.945
SNB75	GBM	nervous_system	glioma	49.4	0.924
LN-405	GBM	nervous_system	glioma	49.6	0.942
EM-2	LCML	blood	chronic_myeloid_leukaemia	50	0.954
DK-MG	GBM	nervous_system	glioma	50	0.924
M14	SKCM	skin	melanoma	50.6	0.962
NCI-H1869	LUSC	lung	lung_NSCLC_squamous_cell_carcinoma	50.9	0.955
HCC1143	BRCA	breast	breast	51	0.932
LU-139	SCLC	lung	lung_small_cell_carcinoma	51.5	0.942
CL-11	COREAD	digestive_system	large_intestine	51.8	0.955
HCC-56	COREAD	digestive_system	large_intestine	52.6	0.966
HCC-15	LUSC	lung	lung_NSCLC_squamous_cell_carcinoma	52.8	0.943
SK-OV-3	OV	urogenital_system	ovary	53.8	0.946
SNU-61	COREAD	digestive_system	large_intestine	54	0.958
RCM-1	COREAD	digestive_system	large_intestine	54.2	0.949
NCI-H1304	SCLC	lung	lung_small_cell_carcinoma	54.8	0.962
NCI-H2126	UNCLASSIFIED	lung	lung_NSCLC_adenocarcinoma	55.6	0.944
SNU-1	STAD	digestive_system	stomach	55.7	0.967
CAL-85-1	BRCA	breast	breast	55.8	0.945
NCC021	KIRC	kidney	kidney	56.1	0.954
SNU-423	LIHC	digestive_system	liver	56.2	0.955
EJM	MM	blood	lymphoid_neoplasm_other	56.7	0.988
LB831-BLC	BLCA	urogenital_system	bladder	57.5	0.969
MDA-MB-415	BRCA	breast	breast	58.1	0.941
NCI-H446	SCLC	lung	lung_small_cell_carcinoma	59.2	0.965
23132-87	STAD	digestive_system	stomach	59.9	0.969
COLO-684	UCEC	urogenital_system	endometrium	60.8	0.961
LP-1	MM	blood	myeloma	60.9	0.99
HT55	COREAD	digestive_system	large_intestine	61.1	0.972
8305C	THCA	thyroid	thyroid	61.5	0.946
EFM-192A	BRCA	breast	breast	62	0.963
NCI-H716	COREAD	digestive_system	large_intestine	62.3	0.951
YT	ALL	blood	lymphoid_neoplasm_other	63	0.988
H3255	LUAD	lung	lung_NSCLC_adenocarcinoma	63.2	0.957
OPM-2	MM	blood	myeloma	63.3	0.992
OCUB-M	BRCA	breast	breast	65.7	0.987
BB49-HNC	HNSC	aero_digestive_tract	head_and_neck	65.8	0.941
OV-17R	OV	urogenital_system	ovary	65.9	0.941
COLO-205	COREAD	digestive_system	large_intestine	66	0.976
NCI-H1693	LUAD	lung	lung_NSCLC_adenocarcinoma	66.1	0.926
NCI-H847	SCLC	lung	lung_small_cell_carcinoma	66.2	0.993
SK-N-FI	NB	nervous_system	neuroblastoma	66.8	0.976
Sci-1	UNCLASSIFIED	blood	B_cell_lymphoma	67.1	0.99
JHH-1	LIHC	digestive_system	liver	67.1	0.967
ME-1	LAML	blood	acute_myeloid_leukaemia	67.7	0.969
HCC1954	BRCA	breast	breast	68.3	0.961
CHSA0011	UNCLASSIFIED	bone	chondrosarcoma	69.3	0.943
GDM-1	LAML	blood	acute_myeloid_leukaemia	69.3	0.98
OVMIU	OV	urogenital_system	ovary	69.6	0.956
PL4	PAAD	pancreas	pancreas	69.9	0.973
RCC-AB	KIRC	kidney	kidney	70.4	0.951
NCI-H835	UNCLASSIFIED	lung	lung_NSCLC_carcinoid	70.5	0.981
KARPAS-422	DLBC	blood	B_cell_lymphoma	71	0.978
SNU-81	COREAD	digestive_system	large_intestine	71	0.948
NCI-H1568	LUAD	lung	lung_NSCLC_adenocarcinoma	71.6	0.956
SK-MEL-1	SKCM	skin	melanoma	71.9	0.988
NCI-H1755	LUAD	lung	lung_NSCLC_adenocarcinoma	72.5	0.964
MOLT-13	ALL	blood	lymphoblastic_T_cell_leukaemia	73.5	0.988
NCI-H2172	UNCLASSIFIED	lung	lung_NSCLC_not_specified	75.5	0.949
NOS-1	UNCLASSIFIED	bone	osteosarcoma	75.6	0.96
MY-M12	ALL	blood	leukemia	75.7	0.967
SUP-B8	UNCLASSIFIED	blood	B_cell_leukemia	75.7	0.979
CA46	UNCLASSIFIED	blood	Burkitt_lymphoma	76	0.972
OSC-20	HNSC	aero_digestive_tract	head_and_neck	76.2	0.963
HCC38	BRCA	breast	breast	77.3	0.971
LS-1034	COREAD	digestive_system	large_intestine	77.6	0.97
NCI-H69	SCLC	lung	lung_small_cell_carcinoma	78.7	0.969
Sarc9371	UNCLASSIFIED	bone	bone_other	78.7	0.951
HT	DLBC	blood	B_cell_lymphoma	80.1	0.986
NB12	NB	nervous_system	neuroblastoma	80.4	0.953
KARPAS-620	MM	blood	haematopoietic_neoplasm_other	80.6	0.991
NCI-H2347	LUAD	lung	lung_NSCLC_adenocarcinoma	81.2	0.962
SH-4	SKCM	skin	melanoma	81.2	0.938
MS-1	SCLC	lung	lung_small_cell_carcinoma	82.9	0.988
CAS-1	GBM	nervous_system	glioma	83.2	0.952
KYSE-150	ESCA	aero_digestive_tract	oesophagus	84	0.983
NCI-H322M	LUAD	lung	lung_NSCLC_adenocarcinoma	85.4	0.962
CAPAN-2	PAAD	pancreas	pancreas	86.6	0.964
NCI-H2373	MESO	lung	mesothelioma	86.7	0.961
RERF-LC-Sq1	LUSC	lung	lung_NSCLC_squamous_cell_carcinoma	86.9	0.946
U-266	MM	blood	myeloma	86.9	0.954
NCI-H1770	UNCLASSIFIED	lung	lung_NSCLC_not_specified	87	0.99
ST486	UNCLASSIFIED	blood	Burkitt_lymphoma	87.5	0.99
LS-123	COREAD	digestive_system	large_intestine	89.6	0.956
CL-34	COREAD	digestive_system	large_intestine	89.8	0.982
SW1417	COREAD	digestive_system	large_intestine	90.2	0.969
NCI-H345	SCLC	lung	lung_small_cell_carcinoma	90.8	0.976
T84	COREAD	digestive_system	large_intestine	93.3	0.98
NCI-H2452	MESO	lung	mesothelioma	93.6	0.968
NCI-H727	UNCLASSIFIED	lung	lung_NSCLC_carcinoid	93.9	0.935
NCI-H292	UNCLASSIFIED	lung	lung_NSCLC_adenocarcinoma	94.8	0.967
NCI-H2052	MESO	lung	mesothelioma	97.2	0.963
LAN-6	NB	nervous_system	neuroblastoma	97.3	0.969
EFO-21	OV	urogenital_system	ovary	98.1	0.953
KP-2	PAAD	pancreas	pancreas	99.2	0.977
RH-18	UNCLASSIFIED	soft_tissue	rhabdomyosarcoma	102	0.973
UMC-11	UNCLASSIFIED	lung	lung_NSCLC_carcinoid	104	0.991
SCLC-21H	UNCLASSIFIED	lung	lung_small_cell_carcinoma	105	0.986
PA-TU-8988T	PAAD	pancreas	pancreas	106	0.984
SBC-1	SCLC	lung	lung_small_cell_carcinoma	107	0.986
MRK-nu-1	BRCA	breast	breast	107	0.99
COR-L321	UNCLASSIFIED	lung	lung_other	107	0.984
SK-MM-2	MM	blood	myeloma	108	0.981
SHP-77	SCLC	lung	lung_small_cell_carcinoma	108	0.991
NCI-H2135	UNCLASSIFIED	lung	lung_NSCLC_not_specified	109	0.986
LB2518-MEL	SKCM	skin	melanoma	113	0.981
RL	DLBC	blood	B_cell_lymphoma	115	0.99
NB6	NB	nervous_system	neuroblastoma	119	0.97
OVCA420	OV	urogenital_system	ovary	119	0.964
NCI-H2029	SCLC	lung	lung_small_cell_carcinoma	121	0.992
GAK	SKCM	skin	melanoma	123	0.989
NCI-H1435	LUAD	lung	lung_NSCLC_adenocarcinoma	124	0.993
KLE	UCEC	urogenital_system	endometrium	124	0.951
T47D	BRCA	breast	breast	128	0.954
EFM-19	BRCA	breast	breast	129	0.955
C3A	LIHC	digestive_system	liver	130	0.984
VMRC-RCZ	KIRC	kidney	kidney	131	0.976
CCK-81	COREAD	digestive_system	large_intestine	132	0.99
KP-N-YN	NB	nervous_system	neuroblastoma	133	0.981
MDA-MB-453	BRCA	breast	breast	135	0.981
NCI-H630	COREAD	digestive_system	large_intestine	136	0.982
COLO-824	BRCA	breast	breast	136	0.986
LS-180	COREAD	digestive_system	large_intestine	136	0.979
NCI-H441	LUAD	lung	lung_NSCLC_adenocarcinoma	137	0.962
VMRC-MELG	SKCM	skin	melanoma	138	0.985
SW948	COREAD	digestive_system	large_intestine	142	0.96
NCI-H1436	SCLC	lung	lung_small_cell_carcinoma	144	0.987
EB-3	UNCLASSIFIED	blood	Burkitt_lymphoma	145	0.979
UDSCC2	UNCLASSIFIED	aero_digestive_tract	head_and_neck	146	0.964
PCI-15A	HNSC	aero_digestive_tract	head_and_neck	146	0.988
PC-3_[JPC-3]	LUAD	lung	lung_NSCLC_adenocarcinoma	147	0.97
HCC1569	BRCA	breast	breast	147	0.969
CAL-12T	UNCLASSIFIED	lung	lung_NSCLC_not_specified	149	0.982
NCI-H1836	SCLC	lung	lung_small_cell_carcinoma	150	0.983
SK-MEL-3	SKCM	skin	melanoma	154	0.98
LU-65	UNCLASSIFIED	lung	lung_NSCLC_large_cell	158	0.979
HCC1500	BRCA	breast	breast	158	0.987
VCaP	PRAD	urogenital_system	prostate	163	0.987
HCC2218	BRCA	breast	breast	163	0.975
MN-60	UNCLASSIFIED	blood	B_cell_leukemia	167	0.987
NCI-H596	UNCLASSIFIED	lung	lung_NSCLC_adenocarcinoma	167	0.974
MMAc-SF	SKCM	skin	melanoma	167	0.987
NCI-H1092	SCLC	lung	lung_small_cell_carcinoma	168	0.989
KNS-81-FD	LGG	nervous_system	glioma	174	0.971
DMS-53	SCLC	lung	lung_small_cell_carcinoma	177	0.986
Calu-3	LUAD	lung	lung_NSCLC_adenocarcinoma	178	0.977
COLO-678	COREAD	digestive_system	large_intestine	178	0.975
SW403	UNCLASSIFIED	digestive_system	large_intestine	183	0.984
MDA-MB-330	BRCA	breast	breast	183	0.983
COR-L88	SCLC	lung	lung_small_cell_carcinoma	187	0.981
LU-165	SCLC	lung	lung_small_cell_carcinoma	187	0.985
PL-21	LAML	blood	acute_myeloid_leukaemia	192	0.983
ESO51	ESCA	aero_digestive_tract	oesophagus	194	0.971
RMG-I	UNCLASSIFIED	urogenital_system	ovary	197	0.983
PANC-04-03	PAAD	pancreas	pancreas	202	0.961
OVKATE	OV	urogenital_system	ovary	206	0.956
ZR-75-30	BRCA	breast	breast	209	0.964
BT-474	BRCA	breast	breast	210	0.986
HCC1428	BRCA	breast	breast	212	0.988
NCI-H1838	LUAD	lung	lung_NSCLC_adenocarcinoma	212	0.982
NCI-H747	COREAD	digestive_system	large_intestine	222	0.982
NCI-H2444	UNCLASSIFIED	lung	lung_NSCLC_not_specified	225	0.986
NCI-H508	COREAD	digestive_system	large_intestine	244	0.959
MFE-280	UCEC	urogenital_system	endometrium	251	0.981
NCI-H2291	LUAD	lung	lung_NSCLC_adenocarcinoma	278	0.977
YAPC	PAAD	pancreas	pancreas	301	0.985
NCI-H1993	LUAD	lung	lung_NSCLC_adenocarcinoma	314	0.982
SNU-C1	COREAD	digestive_system	large_intestine	417	0.98
CaR-1	COREAD	digestive_system	large_intestine	426	0.979
CL-40	COREAD	digestive_system	large_intestine	439	0.972
SW684	UNCLASSIFIED	soft_tissue	fibrosarcoma	492	0.982
QGP-1	UNCLASSIFIED	pancreas	pancreas	587	0.978
BT-483	BRCA	breast	breast	788	0.972
EKVX	LUAD	lung	lung_NSCLC_adenocarcinoma	808	0.962
RCC10RGB	KIRC	kidney	kidney	983	0.972